Month,Ebola: (United States),Zika virus: (United States),Swine influenza: (United States),COVID-19: (United States)
2004-01-01,0.5,0.0,0.5,0.5
2004-02-01,0.5,0.0,0.5,0.5
2004-03-01,0.5,0.0,0.0,0.5
2004-04-01,0.5,0.0,0.5,0.5
2004-05-01,0.5,0.0,0.0,0.5
2004-06-01,0.5,0.0,0.5,0.5
2004-07-01,0.5,0.0,0.0,0.5
2004-08-01,0.5,0.0,0.0,0.5
2004-09-01,0.5,0.0,0.0,0.5
2004-10-01,0.5,0.0,0.5,0.5
2004-11-01,0.5,0.0,0.5,0.5
2004-12-01,0.5,0.0,0.5,0.5
2005-01-01,0.5,0.0,0.0,0.5
2005-02-01,0.5,0.0,0.5,0.5
2005-03-01,0.5,0.0,0.5,0.5
2005-04-01,0.5,0.0,0.5,0.5
2005-05-01,0.5,0.0,0.5,0.5
2005-06-01,0.5,0.0,0.5,0.5
2005-07-01,0.5,0.0,0.5,0.5
2005-08-01,0.5,0.0,0.5,0.5
2005-09-01,0.5,0.0,0.5,0.5
2005-10-01,0.5,0.0,0.5,0.5
2005-11-01,0.5,0.0,0.5,0.5
2005-12-01,0.5,0.0,0.5,0.5
2006-01-01,0.5,0.0,0.5,0.5
2006-02-01,0.5,0.0,0.5,0.5
2006-03-01,0.5,0.0,0.5,0.5
2006-04-01,0.5,0.0,0.5,0.5
2006-05-01,0.5,0.0,0.5,0.5
2006-06-01,0.5,0.0,0.5,0.5
2006-07-01,0.5,0.0,0.0,0.5
2006-08-01,0.5,0.0,0.5,0.5
2006-09-01,0.5,0.0,0.5,0.5
2006-10-01,0.5,0.0,0.5,0.5
2006-11-01,0.5,0.0,0.5,0.5
2006-12-01,0.5,0.0,0.5,0.5
2007-01-01,0.5,0.0,0.5,0.5
2007-02-01,0.5,0.0,0.5,0.5
2007-03-01,0.5,0.0,0.5,0.5
2007-04-01,0.5,0.0,0.5,0.5
2007-05-01,0.5,0.5,0.5,0.5
2007-06-01,0.5,0.0,0.5,0.5
2007-07-01,0.5,0.5,0.5,0.5
2007-08-01,0.5,0.0,0.5,0.5
2007-09-01,0.5,0.0,0.5,0.5
2007-10-01,0.5,0.0,0.5,0.5
2007-11-01,0.5,0.5,0.5,0.5
2007-12-01,0.5,0.0,0.5,0.5
2008-01-01,0.5,0.5,0.5,0.5
2008-02-01,0.5,0.0,0.5,0.5
2008-03-01,0.5,0.5,0.5,0.5
2008-04-01,0.5,0.5,0.5,0.5
2008-05-01,0.5,0.5,0.5,0.5
2008-06-01,0.5,0.0,0.5,0.5
2008-07-01,0.5,0.0,0.5,0.5
2008-08-01,0.5,0.5,0.5,0.5
2008-09-01,0.5,0.5,0.5,0.5
2008-10-01,0.5,0.5,0.5,0.5
2008-11-01,0.5,0.0,0.5,0.5
2008-12-01,0.5,0.5,0.5,0.5
2009-01-01,0.5,0.5,0.5,0.5
2009-02-01,0.5,0.5,0.5,0.5
2009-03-01,0.5,0.5,0.5,0.5
2009-04-01,0.5,0.5,15.0,0.5
2009-05-01,0.5,0.5,12.0,0.5
2009-06-01,0.5,0.5,3.0,0.5
2009-07-01,0.5,0.5,3.0,0.5
2009-08-01,0.5,0.5,4.0,0.5
2009-09-01,0.5,0.5,7.0,0.5
2009-10-01,0.5,0.5,13.0,0.5
2009-11-01,0.5,0.5,8.0,0.5
2009-12-01,0.5,0.5,3.0,0.5
2010-01-01,0.5,0.5,1.0,0.5
2010-02-01,0.5,0.5,1.0,0.5
2010-03-01,0.5,0.5,1.0,0.5
2010-04-01,0.5,0.5,1.0,0.5
2010-05-01,0.5,0.5,0.5,0.5
2010-06-01,0.5,0.5,0.5,0.5
2010-07-01,0.5,0.5,0.5,0.5
2010-08-01,0.5,0.5,0.5,0.5
2010-09-01,0.5,0.5,0.5,0.5
2010-10-01,0.5,0.5,0.5,0.5
2010-11-01,0.5,0.5,0.5,0.5
2010-12-01,0.5,0.5,0.5,0.5
2011-01-01,0.5,0.0,0.5,0.5
2011-02-01,0.5,0.5,0.5,0.5
2011-03-01,0.5,0.5,0.5,0.5
2011-04-01,0.5,0.5,0.5,0.5
2011-05-01,0.5,0.5,0.5,0.5
2011-06-01,0.5,0.5,0.5,0.5
2011-07-01,0.5,0.5,0.5,0.5
2011-08-01,0.5,0.5,0.5,0.5
2011-09-01,0.5,0.5,0.5,0.5
2011-10-01,0.5,0.5,0.5,0.5
2011-11-01,0.5,0.5,0.5,0.5
2011-12-01,0.5,0.5,0.5,0.5
2012-01-01,0.5,0.5,0.5,0.5
2012-02-01,0.5,0.5,0.5,0.5
2012-03-01,0.5,0.5,0.5,0.5
2012-04-01,0.5,0.5,0.5,0.5
2012-05-01,0.5,0.5,0.5,0.5
2012-06-01,0.5,0.5,0.5,0.5
2012-07-01,0.5,0.5,0.5,0.5
2012-08-01,0.5,0.5,0.5,0.5
2012-09-01,0.5,0.5,0.5,0.5
2012-10-01,0.5,0.5,0.5,0.5
2012-11-01,0.5,0.5,0.5,0.5
2012-12-01,0.5,0.5,0.5,0.5
2013-01-01,0.5,0.5,0.5,0.5
2013-02-01,0.5,0.5,0.5,0.5
2013-03-01,0.5,0.5,0.5,0.5
2013-04-01,0.5,0.5,0.5,0.5
2013-05-01,0.5,0.5,0.5,0.5
2013-06-01,0.5,0.5,0.5,0.5
2013-07-01,0.5,0.5,0.5,0.5
2013-08-01,0.5,0.5,0.5,0.5
2013-09-01,0.5,0.5,0.5,0.5
2013-10-01,0.5,0.5,0.5,0.5
2013-11-01,0.5,0.5,0.5,0.5
2013-12-01,0.5,0.5,0.5,0.5
2014-01-01,0.5,0.5,1.0,0.5
2014-02-01,0.5,0.5,0.5,0.5
2014-03-01,0.5,0.5,0.5,0.5
2014-04-01,0.5,0.5,0.5,0.5
2014-05-01,0.5,0.5,0.5,0.5
2014-06-01,0.5,0.5,0.5,0.5
2014-07-01,2.0,0.5,0.5,0.5
2014-08-01,7.0,0.5,0.5,0.5
2014-09-01,3.0,0.5,0.5,0.5
2014-10-01,33.0,0.5,0.5,0.5
2014-11-01,4.0,0.5,0.5,0.5
2014-12-01,2.0,0.5,0.5,0.5
2015-01-01,1.0,0.5,0.5,0.5
2015-02-01,1.0,0.5,0.5,0.5
2015-03-01,0.5,0.5,0.5,0.5
2015-04-01,0.5,0.5,0.5,0.5
2015-05-01,0.5,0.5,0.5,0.5
2015-06-01,0.5,0.5,0.5,0.5
2015-07-01,0.5,0.5,0.5,0.5
2015-08-01,0.5,0.5,0.5,0.5
2015-09-01,0.5,0.5,0.5,0.5
2015-10-01,0.5,0.5,0.5,0.5
2015-11-01,0.5,0.5,0.5,0.5
2015-12-01,0.5,0.5,0.5,0.5
2016-01-01,0.5,2.0,0.5,0.5
2016-02-01,0.5,3.0,0.5,0.5
2016-03-01,0.5,1.0,0.5,0.5
2016-04-01,0.5,1.0,0.5,0.5
2016-05-01,0.5,1.0,0.5,0.5
2016-06-01,0.5,1.0,0.5,0.5
2016-07-01,0.5,1.0,0.5,0.5
2016-08-01,0.5,3.0,0.5,0.5
2016-09-01,0.5,1.0,0.5,0.5
2016-10-01,0.5,1.0,0.5,0.5
2016-11-01,0.5,0.5,0.5,0.5
2016-12-01,0.5,0.5,0.5,0.0
2017-01-01,0.5,0.5,0.5,0.0
2017-02-01,0.5,0.5,0.5,0.0
2017-03-01,0.5,0.5,0.5,0.0
2017-04-01,0.5,0.5,0.5,0.0
2017-05-01,0.5,0.5,0.5,0.0
2017-06-01,0.5,0.5,0.5,0.0
2017-07-01,0.5,0.5,0.5,0.0
2017-08-01,0.5,0.5,0.5,0.0
2017-09-01,0.5,0.5,0.5,0.0
2017-10-01,0.5,0.5,0.5,0.0
2017-11-01,0.5,0.5,0.5,0.0
2017-12-01,0.5,0.5,0.5,0.0
2018-01-01,0.5,0.5,0.5,0.0
2018-02-01,0.5,0.5,0.5,0.0
2018-03-01,0.5,0.5,0.5,0.0
2018-04-01,0.5,0.5,0.5,0.0
2018-05-01,0.5,0.5,0.5,0.0
2018-06-01,0.5,0.5,0.5,0.0
2018-07-01,0.5,0.5,0.5,0.0
2018-08-01,0.5,0.5,0.5,0.0
2018-09-01,0.5,0.5,0.5,0.0
2018-10-01,0.5,0.5,0.5,0.0
2018-11-01,0.5,0.5,0.5,0.0
2018-12-01,0.5,0.5,0.5,0.0
2019-01-01,0.5,0.5,0.5,0.0
2019-02-01,0.5,0.5,0.5,0.0
2019-03-01,0.5,0.5,0.5,0.0
2019-04-01,0.5,0.5,0.5,0.0
2019-05-01,0.5,0.5,0.5,0.0
2019-06-01,0.5,0.5,0.5,0.0
2019-07-01,0.5,0.5,0.5,0.0
2019-08-01,0.5,0.5,0.5,0.0
2019-09-01,0.5,0.5,0.5,0.0
2019-10-01,0.5,0.5,0.5,0.0
2019-11-01,0.5,0.5,0.5,0.0
2019-12-01,0.5,0.5,0.5,0.0
2020-01-01,0.5,0.5,0.5,0.0
2020-02-01,0.5,0.5,0.5,1.0
2020-03-01,1.0,0.5,3.0,66.0
2020-04-01,0.5,0.5,1.0,100.0
2020-05-01,0.5,0.5,0.5,49.0
2020-06-01,1.0,0.5,0.5,50.0
2020-07-01,0.5,0.5,1.0,73.0
2020-08-01,0.5,0.5,1.0,51.0
2020-09-01,0.5,0.5,0.5,39.0
2020-10-01,0.5,0.5,0.5,49.0
2020-11-01,0.5,0.5,0.5,66.0
2020-12-01,0.5,0.5,0.5,77.0
2021-01-01,0.5,0.5,0.5,76.0
2021-02-01,0.5,0.5,0.5,63.0
2021-03-01,0.5,0.5,0.5,70.0
2021-04-01,0.5,0.5,0.5,57.0
2021-05-01,0.5,0.5,0.5,40.0
2021-06-01,0.5,0.5,0.5,28.0
2021-07-01,0.5,0.5,0.5,41.0
2021-08-01,0.5,0.5,0.5,78.0
2021-09-01,0.5,0.5,0.5,61.0
2021-10-01,0.5,0.5,0.5,38.0
2021-11-01,0.5,0.5,0.5,44.0
2021-12-01,0.5,0.5,0.5,79.0
2022-01-01,0.5,0.5,0.5,100.0
2022-02-01,0.5,0.5,0.5,31.0
2022-03-01,0.5,0.5,0.5,22.0
2022-04-01,0.5,0.5,0.5,21.0
2022-05-01,0.5,0.5,0.5,25.0
2022-06-01,0.5,0.5,0.5,25.0
2022-07-01,0.5,0.5,0.5,28.0
2022-08-01,0.5,0.5,0.5,20.0
2022-09-01,0.5,0.5,0.5,16.0
2022-10-01,0.5,0.5,0.5,13.0
2022-11-01,0.5,0.5,0.5,11.0
2022-12-01,0.5,0.5,0.5,14.0
2023-01-01,0.5,0.5,0.5,11.0
2023-02-01,0.5,0.5,0.5,9.0
2023-03-01,0.5,0.5,0.5,7.0
2023-04-01,0.5,0.5,0.5,6.0
2023-05-01,0.5,0.5,0.5,5.0
2023-06-01,0.5,0.5,0.5,4.0
2023-07-01,0.5,0.5,0.5,4.0
2023-08-01,0.5,0.5,0.5,9.0
2023-09-01,0.5,0.5,0.5,12.0
2023-10-01,0.5,0.5,0.5,8.0
2023-11-01,0.5,0.5,0.5,6.0
2023-12-01,0.5,0.5,0.5,9.0
